component,explained_variance_pct,cumulative_variance_pct
1,7.056467235088348,7.056467235088348
2,4.263611137866974,11.320078372955322
3,3.943832591176033,15.263910964131355
4,3.505943715572357,18.769854679703712
5,2.969418093562126,21.73927277326584
6,2.8894783928990364,24.628751166164875
7,2.7579879388213158,27.38673910498619
8,2.230869047343731,29.61760815232992
9,2.119099907577038,31.73670805990696
10,1.8736878409981728,33.61039590090513
11,1.7699705436825752,35.38036644458771
12,1.5233987011015415,36.90376514568925
13,1.4523020945489407,38.35606724023819
14,1.3281358405947685,39.68420308083296
15,1.2955603189766407,40.9797633998096
16,1.2278861366212368,42.207649536430836
17,1.1881912127137184,43.395840749144554
18,1.104702614247799,44.50054336339235
19,1.0599003173410892,45.56044368073344
20,0.9956526570022106,46.55609633773565
21,0.9345605038106441,47.4906568415463
22,0.8739502169191837,48.36460705846548
23,0.8651756681501865,49.22978272661567
24,0.8175739087164402,50.04735663533211
25,0.7851095870137215,50.83246622234583
26,0.782023835927248,51.61449005827308
27,0.7442623376846313,52.35875239595771
28,0.6854393519461155,53.044191747903824
29,0.6728796754032373,53.71707142330706
30,0.6386335007846355,54.3557049240917
31,0.6326417438685894,54.988346667960286
32,0.6194212008267641,55.60776786878705
33,0.5948746111243963,56.20264247991145
34,0.5615546368062496,56.764197116717696
35,0.5527503788471222,57.31694749556482
36,0.5408927798271179,57.857840275391936
37,0.5194287281483412,58.37726900354028
38,0.5038862116634846,58.88115521520376
39,0.4942517727613449,59.37540698796511
40,0.4624086432158947,59.837815631181
41,0.4597852937877178,60.29760092496872
42,0.4460659809410572,60.74366690590978
43,0.4295051097869873,61.173172015696764
44,0.42519066482782364,61.59836268052459
45,0.40699983946979046,62.00536251999438
46,0.40285205468535423,62.40821457467973
47,0.39175720885396004,62.79997178353369
48,0.3895532339811325,63.189525017514825
49,0.37681644316762686,63.56634146068245
50,0.3704369068145752,63.93677836749703
51,0.3543382044881582,64.29111657198519
52,0.34524600487202406,64.63636257685721
53,0.3424540162086487,64.97881659306586
54,0.3364522708579898,65.31526886392385
55,0.32083718106150627,65.63610604498535
56,0.31724963337183,65.95335567835718
57,0.30889094341546297,66.26224662177265
58,0.30111109372228384,66.56335771549493
59,0.2976699732244015,66.86102768871933
60,0.28755120001733303,67.14857888873667
61,0.2790336264297366,67.4276125151664
62,0.27526337653398514,67.70287589170039
63,0.2659216057509184,67.9687974974513
64,0.26484380941838026,68.23364130686969
65,0.256928033195436,68.49056934006512
66,0.256423675455153,68.74699301552027
67,0.24969254154711962,68.9966855570674
68,0.2416572766378522,69.23834283370525
69,0.24036651011556387,69.47870934382081
70,0.23638312704861164,69.71509247086942
71,0.23295837454497814,69.9480508454144
72,0.2291534561663866,70.17720430158079
73,0.22518453188240528,70.40238883346319
74,0.22418471053242683,70.62657354399562
75,0.21731671877205372,70.84389026276767
76,0.21459052804857492,71.05848079081625
77,0.2117183292284608,71.27019912004471
78,0.21014390513300896,71.48034302517772
79,0.20722397603094578,71.68756700120866
80,0.20164861343801022,71.88921561464667
81,0.1962829614058137,72.08549857605249
82,0.19459467148408294,72.28009324753657
83,0.19194930791854858,72.47204255545512
84,0.18834567163139582,72.66038822708651
85,0.1849380903877318,72.84532631747425
86,0.18425623420625925,73.0295825516805
87,0.18127457005903125,73.21085712173954
88,0.18085220362991095,73.39170932536945
89,0.17867208225652575,73.57038140762597
90,0.17362654907628894,73.74400795670226
91,0.17228159122169018,73.91628954792395
92,0.17106888117268682,74.08735842909664
93,0.1682548550888896,74.25561328418553
94,0.16635219799354672,74.42196548217908
95,0.16242072451859713,74.58438620669767
96,0.16142709646373987,74.74581330316141
97,0.16099748900160193,74.90681079216301
98,0.15835931990295649,75.06517011206597
99,0.15361227560788393,75.21878238767385
100,0.1525559462606907,75.37133833393455
101,0.15067432541400194,75.52201265934855
102,0.14952882193028927,75.67154148127884
103,0.14778338372707367,75.81932486500591
104,0.14635783154517412,75.96568269655108
105,0.145598070230335,76.11128076678142
106,0.14265156351029873,76.25393233029172
107,0.14152092626318336,76.3954532565549
108,0.1383364899083972,76.5337897464633
109,0.13775515835732222,76.67154490482062
110,0.135303707793355,76.80684861261398
111,0.13361774617806077,76.94046635879204
112,0.13292707735672593,77.07339343614876
113,0.13248370960354805,77.20587714575231
114,0.13169549638405442,77.33757264213637
115,0.1301845069974661,77.46775714913383
116,0.1290470827370882,77.59680423187092
117,0.12739854864776134,77.72420278051868
118,0.12601977214217186,77.85022255266085
119,0.12321415124461055,77.97343670390546
120,0.12246124679222703,78.09589795069769
121,0.12124811764806509,78.21714606834576
122,0.11954531073570251,78.33669137908146
123,0.11834785109385848,78.45503923017532
124,0.1178236911073327,78.57286292128265
125,0.11640960583463311,78.68927252711728
126,0.11613254901021719,78.8054050761275
127,0.11402039090171456,78.91942546702921
128,0.11329647386446595,79.03272194089368
129,0.11184682371094823,79.14456876460463
130,0.11140716960653663,79.25597593421116
131,0.10966024128720164,79.36563617549837
132,0.10896628955379128,79.47460246505216
133,0.10754961986094713,79.5821520849131
134,0.1069170655682683,79.68906915048137
135,0.10576716158539057,79.79483631206676
136,0.10338386055082083,79.89822017261758
137,0.10282411240041256,80.001044285018
138,0.10257342364639044,80.10361770866439
139,0.10181792313233018,80.20543563179672
140,0.10075658792629838,80.30619221972302
141,0.09993320563808084,80.4061254253611
142,0.09786960436031222,80.50399502972141
143,0.09700512746348977,80.6010001571849
144,0.09652714361436665,80.69752730079927
145,0.09567777160555124,80.79320507240482
146,0.09502873872406781,80.88823381112888
147,0.09461708832532167,80.9828508994542
148,0.09347011218778789,81.076321011642
149,0.09277224889956415,81.16909326054156
150,0.09161598864011467,81.26070924918167
151,0.09092817781493068,81.3516374269966
152,0.08970152121037245,81.44133894820698
153,0.08945853332988918,81.53079748153687
154,0.08891936740837991,81.61971684894525
155,0.08797843474894762,81.70769528369419
156,0.08643232868053019,81.79412761237472
157,0.08620276930741966,81.88033038168214
158,0.08533902582712471,81.96566940750927
159,0.08415028569288552,82.04981969320215
160,0.08349847048521042,82.13331816368736
161,0.08322169305756688,82.21653985674493
162,0.08249026141129434,82.29903011815622
163,0.08196367416530848,82.38099379232153
164,0.0815351668279618,82.4625289591495
165,0.08067433373071253,82.54320329288021
166,0.08030183962546289,82.62350513250567
167,0.07938306662254035,82.70288819912821
168,0.07904241210781038,82.78193061123602
169,0.07824013591744006,82.86017074715346
170,0.07767229690216482,82.93784304405563
171,0.0764580094255507,83.01430105348118
172,0.07596560753881931,83.09026666102
173,0.07515766774304211,83.16542432876304
174,0.07454486913047731,83.23996919789352
175,0.07386599318124354,83.31383519107476
176,0.07358994334936142,83.38742513442412
177,0.07306650513783097,83.46049163956195
178,0.07210515905171633,83.53259679861367
179,0.07169882883317769,83.60429562744685
180,0.07134084589779377,83.67563647334464
181,0.07053914596326649,83.7461756193079
182,0.07036749739199877,83.8165431166999
183,0.07026019156910479,83.88680330826901
184,0.06960052414797246,83.95640383241698
185,0.06861794390715659,84.02502177632414
186,0.0684041588101536,84.09342593513429
187,0.06793449283577502,84.16136042797007
188,0.06780544063076377,84.22916586860083
189,0.0668952357955277,84.29606110439636
190,0.06664394750259817,84.36270505189896
191,0.06602033972740173,84.42872539162636
192,0.06551221595145762,84.49423760757782
193,0.06512213149107993,84.5593597390689
194,0.06461472366936505,84.62397446273826
195,0.06455289549194276,84.6885273582302
196,0.0639582343865186,84.75248559261672
197,0.06333619239740074,84.81582178501412
198,0.06302041001617908,84.8788421950303
199,0.06222865777090192,84.9410708528012
200,0.06221586954779923,85.003286722349
201,0.0615080411080271,85.06479476345703
202,0.06120770121924579,85.12600246467628
203,0.06063721375539899,85.18663967843167
204,0.06042171153239906,85.24706138996407
205,0.06023417809046805,85.30729556805454
206,0.059748830972239375,85.36704439902678
207,0.05863417172804475,85.42567857075483
208,0.05827485001645982,85.48395342077129
209,0.057978619588539004,85.54193204035982
210,0.05782407242804766,85.59975611278787
211,0.057025591377168894,85.65678170416504
212,0.056846317602321506,85.71362802176736
213,0.05661765462718904,85.77024567639455
214,0.0560518354177475,85.8262975118123
215,0.055380386766046286,85.88167789857835
216,0.05501158884726465,85.93668948742561
217,0.05457049701362848,85.99125998443924
218,0.054470455506816506,86.04573043994606
219,0.05367384874261916,86.09940428868867
220,0.053378514712676406,86.15278280340135
221,0.053116853814572096,86.20589965721592
222,0.052807899191975594,86.2587075564079
223,0.05260657053440809,86.3113141269423
224,0.052399031119421124,86.36371315806173
225,0.051494763465598226,86.41520792152733
226,0.05134034436196089,86.46654826588929
227,0.050682376604527235,86.51723064249381
228,0.05031479522585869,86.56754543771967
229,0.05014839116483927,86.61769382888451
230,0.04939877544529736,86.66709260432981
231,0.049131945706903934,86.71622455003671
232,0.048946525203064084,86.76517107523978
233,0.04806312208529562,86.81323419732507
234,0.04776040441356599,86.86099460173864
235,0.047081499360501766,86.90807610109914
236,0.04691584035754204,86.95499194145668
237,0.0467464211396873,87.00173836259637
238,0.04642541171051562,87.04816377430689
239,0.046195692266337574,87.09435946657322
240,0.045833291369490325,87.14019275794271
241,0.04566216957755387,87.18585492752027
242,0.04521578084677458,87.23107070836704
243,0.04491782165132463,87.27598853001837
244,0.04439063195604831,87.32037916197442
245,0.04381153848953545,87.36419070046395
246,0.04370477108750492,87.40789547155146
247,0.043534941505640745,87.4514304130571
248,0.043055624701082706,87.49448603775818
249,0.04280538414604962,87.53729142190423
250,0.042550000944174826,87.5798414228484
251,0.04207415913697332,87.62191558198538
252,0.041752291144803166,87.66366787313018
253,0.04153013869654387,87.70519801182672
254,0.04052183066960424,87.74571984249633
255,0.04004226648248732,87.78576210897882
256,0.03989704709965736,87.82565915607847
